{
    "model": {
        "type": "minecraft:select",
        "property": "minecraft:component",
        "component": "minecraft:potion_contents",
        "cases": [
            {
                "when": "minecraft:fire_resistance",
                "model": {
                    "type": "minecraft:model",
                    "model": "stylized_potions:item/fire_resistance_linger"
                }
            },
            {
                "when": "minecraft:long_fire_resistance",
                "model": {
                    "type": "minecraft:model",
                    "model": "stylized_potions:item/fire_resistance_linger_long"
                }
            },
            {
                "when": "minecraft:harming",
                "model": {
                    "type": "minecraft:model",
                    "model": "stylized_potions:item/harming_linger"
                }
            },
            {
                "when": "minecraft:strong_harming",
                "model": {
                    "type": "minecraft:model",
                    "model": "stylized_potions:item/harming_linger_strong"
                }
            },
            {
                "when": "minecraft:healing",
                "model": {
                    "type": "minecraft:model",
                    "model": "stylized_potions:item/healing_linger"
                }
            },
            {
                "when": "minecraft:strong_healing",
                "model": {
                    "type": "minecraft:model",
                    "model": "stylized_potions:item/healing_linger_strong"
                }
            },
            {
                "when": "minecraft:invisibility",
                "model": {
                    "type": "minecraft:model",
                    "model": "stylized_potions:item/invisibility_linger"
                }
            },
            {
                "when": "minecraft:long_invisibility",
                "model": {
                    "type": "minecraft:model",
                    "model": "stylized_potions:item/invisibility_linger_long"
                }
            },
            {
                "when": "minecraft:leaping",
                "model": {
                    "type": "minecraft:model",
                    "model": "stylized_potions:item/leaping_linger"
                }
            },
            {
                "when": "minecraft:strong_leaping",
                "model": {
                    "type": "minecraft:model",
                    "model": "stylized_potions:item/leaping_linger_strong"
                }
            },
            {
                "when": "minecraft:long_leaping",
                "model": {
                    "type": "minecraft:model",
                    "model": "stylized_potions:item/leaping_linger_long"
                }
            },
            {
                "when": "minecraft:luck",
                "model": {
                    "type": "minecraft:model",
                    "model": "stylized_potions:item/luck_linger"
                }
            },
            {
                "when": "minecraft:night_vision",
                "model": {
                    "type": "minecraft:model",
                    "model": "stylized_potions:item/night_vision_linger"
                }
            },
            {
                "when": "minecraft:long_night_vision",
                "model": {
                    "type": "minecraft:model",
                    "model": "stylized_potions:item/night_vision_linger_long"
                }
            },
            {
                "when": "minecraft:poison",
                "model": {
                    "type": "minecraft:model",
                    "model": "stylized_potions:item/poison_linger"
                }
            },
            {
                "when": "minecraft:long_poison",
                "model": {
                    "type": "minecraft:model",
                    "model": "stylized_potions:item/poison_linger_long"
                }
            },
            {
                "when": "minecraft:strong_poison",
                "model": {
                    "type": "minecraft:model",
                    "model": "stylized_potions:item/poison_linger_strong"
                }
            },
            {
                "when": "minecraft:regeneration",
                "model": {
                    "type": "minecraft:model",
                    "model": "stylized_potions:item/regeneration_linger"
                }
            },
            {
                "when": "minecraft:long_regeneration",
                "model": {
                    "type": "minecraft:model",
                    "model": "stylized_potions:item/regeneration_linger_long"
                }
            },
            {
                "when": "minecraft:strong_regeneration",
                "model": {
                    "type": "minecraft:model",
                    "model": "stylized_potions:item/regeneration_linger_strong"
                }
            },
            {
                "when": "minecraft:slow_falling",
                "model": {
                    "type": "minecraft:model",
                    "model": "stylized_potions:item/slow_falling_linger"
                }
            },
            {
                "when": "minecraft:long_slow_falling",
                "model": {
                    "type": "minecraft:model",
                    "model": "stylized_potions:item/slow_falling_linger_long"
                }
            },
            {
                "when": "minecraft:slowness",
                "model": {
                    "type": "minecraft:model",
                    "model": "stylized_potions:item/slowness_linger"
                }
            },
            {
                "when": "minecraft:long_slowness",
                "model": {
                    "type": "minecraft:model",
                    "model": "stylized_potions:item/slowness_linger_long"
                }
            },
            {
                "when": "minecraft:strong_slowness",
                "model": {
                    "type": "minecraft:model",
                    "model": "stylized_potions:item/slowness_linger_strong"
                }
            },
            {
                "when": "minecraft:strength",
                "model": {
                    "type": "minecraft:model",
                    "model": "stylized_potions:item/strength_linger"
                }
            },
            {
                "when": "minecraft:long_strength",
                "model": {
                    "type": "minecraft:model",
                    "model": "stylized_potions:item/strength_linger_long"
                }
            },
            {
                "when": "minecraft:strong_strength",
                "model": {
                    "type": "minecraft:model",
                    "model": "stylized_potions:item/strength_linger_strong"
                }
            },
            {
                "when": "minecraft:swiftness",
                "model": {
                    "type": "minecraft:model",
                    "model": "stylized_potions:item/swiftness_linger"
                }
            },
            {
                "when": "minecraft:long_swiftness",
                "model": {
                    "type": "minecraft:model",
                    "model": "stylized_potions:item/swiftness_linger_long"
                }
            },
            {
                "when": "minecraft:strong_swiftness",
                "model": {
                    "type": "minecraft:model",
                    "model": "stylized_potions:item/swiftness_linger_strong"
                }
            },
            {
                "when": "minecraft:turtle_master",
                "model": {
                    "type": "minecraft:model",
                    "model": "stylized_potions:item/turtle_master_linger"
                }
            },
            {
                "when": "minecraft:long_turtle_master",
                "model": {
                    "type": "minecraft:model",
                    "model": "stylized_potions:item/turtle_master_linger_long"
                }
            },
            {
                "when": "minecraft:strong_turtle_master",
                "model": {
                    "type": "minecraft:model",
                    "model": "stylized_potions:item/turtle_master_linger_strong"
                }
            },
            {
                "when": "minecraft:water_breathing",
                "model": {
                    "type": "minecraft:model",
                    "model": "stylized_potions:item/water_breathing_linger"
                }
            },
            {
                "when": "minecraft:long_water_breathing",
                "model": {
                    "type": "minecraft:model",
                    "model": "stylized_potions:item/water_breathing_linger_long"
                }
            },
            {
                "when": "minecraft:weakness",
                "model": {
                    "type": "minecraft:model",
                    "model": "stylized_potions:item/weakness_linger"
                }
            },
            {
                "when": "minecraft:long_weakness",
                "model": {
                    "type": "minecraft:model",
                    "model": "stylized_potions:item/weakness_linger_long"
                }
            }
        ],
        "fallback": {
            "type": "minecraft:model",
            "model": "minecraft:item/lingering_potion",
            "tints": [
                {
                    "type": "minecraft:potion",
                    "default": -13083194
                }
            ]
        }
    }
}