{
    "model": {
        "type": "minecraft:select",
        "property": "minecraft:component",
        "component": "minecraft:potion_contents",
        "cases": [
            {
                "when": "minecraft:fire_resistance",
                "model": {
                    "type": "minecraft:model",
                    "model": "stylized_potions:item/fire_resistance_potion"
                }
            },
            {
                "when": "minecraft:long_fire_resistance",
                "model": {
                    "type": "minecraft:model",
                    "model": "stylized_potions:item/fire_resistance_potion_long"
                }
            },
            {
                "when": "minecraft:harming",
                "model": {
                    "type": "minecraft:model",
                    "model": "stylized_potions:item/harming_potion"
                }
            },
            {
                "when": "minecraft:strong_harming",
                "model": {
                    "type": "minecraft:model",
                    "model": "stylized_potions:item/harming_potion_strong"
                }
            },
            {
                "when": "minecraft:healing",
                "model": {
                    "type": "minecraft:model",
                    "model": "stylized_potions:item/healing_potion"
                }
            },
            {
                "when": "minecraft:strong_healing",
                "model": {
                    "type": "minecraft:model",
                    "model": "stylized_potions:item/healing_potion_strong"
                }
            },
            {
                "when": "minecraft:invisibility",
                "model": {
                    "type": "minecraft:model",
                    "model": "stylized_potions:item/invisibility_potion"
                }
            },
            {
                "when": "minecraft:long_invisibility",
                "model": {
                    "type": "minecraft:model",
                    "model": "stylized_potions:item/invisibility_potion_long"
                }
            },
            {
                "when": "minecraft:leaping",
                "model": {
                    "type": "minecraft:model",
                    "model": "stylized_potions:item/leaping_potion"
                }
            },
            {
                "when": "minecraft:strong_leaping",
                "model": {
                    "type": "minecraft:model",
                    "model": "stylized_potions:item/leaping_potion_strong"
                }
            },
            {
                "when": "minecraft:long_leaping",
                "model": {
                    "type": "minecraft:model",
                    "model": "stylized_potions:item/leaping_potion_long"
                }
            },
            {
                "when": "minecraft:luck",
                "model": {
                    "type": "minecraft:model",
                    "model": "stylized_potions:item/luck_potion"
                }
            },
            {
                "when": "minecraft:night_vision",
                "model": {
                    "type": "minecraft:model",
                    "model": "stylized_potions:item/night_vision_potion"
                }
            },
            {
                "when": "minecraft:long_night_vision",
                "model": {
                    "type": "minecraft:model",
                    "model": "stylized_potions:item/night_vision_potion_long"
                }
            },
            {
                "when": "minecraft:poison",
                "model": {
                    "type": "minecraft:model",
                    "model": "stylized_potions:item/poison_potion"
                }
            },
            {
                "when": "minecraft:long_poison",
                "model": {
                    "type": "minecraft:model",
                    "model": "stylized_potions:item/poison_potion_long"
                }
            },
            {
                "when": "minecraft:strong_poison",
                "model": {
                    "type": "minecraft:model",
                    "model": "stylized_potions:item/poison_potion_strong"
                }
            },
            {
                "when": "minecraft:regeneration",
                "model": {
                    "type": "minecraft:model",
                    "model": "stylized_potions:item/regeneration_potion"
                }
            },
            {
                "when": "minecraft:long_regeneration",
                "model": {
                    "type": "minecraft:model",
                    "model": "stylized_potions:item/regeneration_potion_long"
                }
            },
            {
                "when": "minecraft:strong_regeneration",
                "model": {
                    "type": "minecraft:model",
                    "model": "stylized_potions:item/regeneration_potion_strong"
                }
            },
            {
                "when": "minecraft:slow_falling",
                "model": {
                    "type": "minecraft:model",
                    "model": "stylized_potions:item/slow_falling_potion"
                }
            },
            {
                "when": "minecraft:long_slow_falling",
                "model": {
                    "type": "minecraft:model",
                    "model": "stylized_potions:item/slow_falling_potion_long"
                }
            },
            {
                "when": "minecraft:slowness",
                "model": {
                    "type": "minecraft:model",
                    "model": "stylized_potions:item/slowness_potion"
                }
            },
            {
                "when": "minecraft:long_slowness",
                "model": {
                    "type": "minecraft:model",
                    "model": "stylized_potions:item/slowness_potion_long"
                }
            },
            {
                "when": "minecraft:strong_slowness",
                "model": {
                    "type": "minecraft:model",
                    "model": "stylized_potions:item/slowness_potion_strong"
                }
            },
            {
                "when": "minecraft:strength",
                "model": {
                    "type": "minecraft:model",
                    "model": "stylized_potions:item/strength_potion"
                }
            },
            {
                "when": "minecraft:long_strength",
                "model": {
                    "type": "minecraft:model",
                    "model": "stylized_potions:item/strength_potion_long"
                }
            },
            {
                "when": "minecraft:strong_strength",
                "model": {
                    "type": "minecraft:model",
                    "model": "stylized_potions:item/strength_potion_strong"
                }
            },
            {
                "when": "minecraft:swiftness",
                "model": {
                    "type": "minecraft:model",
                    "model": "stylized_potions:item/swiftness_potion"
                }
            },
            {
                "when": "minecraft:long_swiftness",
                "model": {
                    "type": "minecraft:model",
                    "model": "stylized_potions:item/swiftness_potion_long"
                }
            },
            {
                "when": "minecraft:strong_swiftness",
                "model": {
                    "type": "minecraft:model",
                    "model": "stylized_potions:item/swiftness_potion_strong"
                }
            },
            {
                "when": "minecraft:turtle_master",
                "model": {
                    "type": "minecraft:model",
                    "model": "stylized_potions:item/turtle_master_potion"
                }
            },
            {
                "when": "minecraft:long_turtle_master",
                "model": {
                    "type": "minecraft:model",
                    "model": "stylized_potions:item/turtle_master_potion_long"
                }
            },
            {
                "when": "minecraft:strong_turtle_master",
                "model": {
                    "type": "minecraft:model",
                    "model": "stylized_potions:item/turtle_master_potion_strong"
                }
            },
            {
                "when": "minecraft:water_breathing",
                "model": {
                    "type": "minecraft:model",
                    "model": "stylized_potions:item/water_breathing_potion"
                }
            },
            {
                "when": "minecraft:long_water_breathing",
                "model": {
                    "type": "minecraft:model",
                    "model": "stylized_potions:item/water_breathing_potion_long"
                }
            },
            {
                "when": "minecraft:weakness",
                "model": {
                    "type": "minecraft:model",
                    "model": "stylized_potions:item/weakness_potion"
                }
            },
            {
                "when": "minecraft:long_weakness",
                "model": {
                    "type": "minecraft:model",
                    "model": "stylized_potions:item/weakness_potion_long"
                }
            }
        ],
        "fallback": {
            "type": "minecraft:model",
            "model": "minecraft:item/potion",
            "tints": [
                {
                    "type": "minecraft:potion",
                    "default": -13083194
                }
            ]
        }
    }
}