{
    "model": {
        "type": "minecraft:select",
        "property": "minecraft:component",
        "component": "minecraft:potion_contents",
        "cases": [
            {
                "when": "minecraft:fire_resistance",
                "model": {
                    "type": "minecraft:model",
                    "model": "stylized_potions:item/fire_resistance_splash"
                }
            },
            {
                "when": "minecraft:long_fire_resistance",
                "model": {
                    "type": "minecraft:model",
                    "model": "stylized_potions:item/fire_resistance_splash_long"
                }
            },
            {
                "when": "minecraft:harming",
                "model": {
                    "type": "minecraft:model",
                    "model": "stylized_potions:item/harming_splash"
                }
            },
            {
                "when": "minecraft:strong_harming",
                "model": {
                    "type": "minecraft:model",
                    "model": "stylized_potions:item/harming_splash_strong"
                }
            },
            {
                "when": "minecraft:healing",
                "model": {
                    "type": "minecraft:model",
                    "model": "stylized_potions:item/healing_splash"
                }
            },
            {
                "when": "minecraft:strong_healing",
                "model": {
                    "type": "minecraft:model",
                    "model": "stylized_potions:item/healing_splash_strong"
                }
            },
            {
                "when": "minecraft:invisibility",
                "model": {
                    "type": "minecraft:model",
                    "model": "stylized_potions:item/invisibility_splash"
                }
            },
            {
                "when": "minecraft:long_invisibility",
                "model": {
                    "type": "minecraft:model",
                    "model": "stylized_potions:item/invisibility_splash_long"
                }
            },
            {
                "when": "minecraft:leaping",
                "model": {
                    "type": "minecraft:model",
                    "model": "stylized_potions:item/leaping_splash"
                }
            },
            {
                "when": "minecraft:strong_leaping",
                "model": {
                    "type": "minecraft:model",
                    "model": "stylized_potions:item/leaping_splash_strong"
                }
            },
            {
                "when": "minecraft:long_leaping",
                "model": {
                    "type": "minecraft:model",
                    "model": "stylized_potions:item/leaping_splash_long"
                }
            },
            {
                "when": "minecraft:luck",
                "model": {
                    "type": "minecraft:model",
                    "model": "stylized_potions:item/luck_splash"
                }
            },
            {
                "when": "minecraft:night_vision",
                "model": {
                    "type": "minecraft:model",
                    "model": "stylized_potions:item/night_vision_splash"
                }
            },
            {
                "when": "minecraft:long_night_vision",
                "model": {
                    "type": "minecraft:model",
                    "model": "stylized_potions:item/night_vision_splash_long"
                }
            },
            {
                "when": "minecraft:poison",
                "model": {
                    "type": "minecraft:model",
                    "model": "stylized_potions:item/poison_splash"
                }
            },
            {
                "when": "minecraft:long_poison",
                "model": {
                    "type": "minecraft:model",
                    "model": "stylized_potions:item/poison_splash_long"
                }
            },
            {
                "when": "minecraft:strong_poison",
                "model": {
                    "type": "minecraft:model",
                    "model": "stylized_potions:item/poison_splash_strong"
                }
            },
            {
                "when": "minecraft:regeneration",
                "model": {
                    "type": "minecraft:model",
                    "model": "stylized_potions:item/regeneration_splash"
                }
            },
            {
                "when": "minecraft:long_regeneration",
                "model": {
                    "type": "minecraft:model",
                    "model": "stylized_potions:item/regeneration_splash_long"
                }
            },
            {
                "when": "minecraft:strong_regeneration",
                "model": {
                    "type": "minecraft:model",
                    "model": "stylized_potions:item/regeneration_splash_strong"
                }
            },
            {
                "when": "minecraft:slow_falling",
                "model": {
                    "type": "minecraft:model",
                    "model": "stylized_potions:item/slow_falling_splash"
                }
            },
            {
                "when": "minecraft:long_slow_falling",
                "model": {
                    "type": "minecraft:model",
                    "model": "stylized_potions:item/slow_falling_splash_long"
                }
            },
            {
                "when": "minecraft:slowness",
                "model": {
                    "type": "minecraft:model",
                    "model": "stylized_potions:item/slowness_splash"
                }
            },
            {
                "when": "minecraft:long_slowness",
                "model": {
                    "type": "minecraft:model",
                    "model": "stylized_potions:item/slowness_splash_long"
                }
            },
            {
                "when": "minecraft:strong_slowness",
                "model": {
                    "type": "minecraft:model",
                    "model": "stylized_potions:item/slowness_splash_strong"
                }
            },
            {
                "when": "minecraft:strength",
                "model": {
                    "type": "minecraft:model",
                    "model": "stylized_potions:item/strength_splash"
                }
            },
            {
                "when": "minecraft:long_strength",
                "model": {
                    "type": "minecraft:model",
                    "model": "stylized_potions:item/strength_splash_long"
                }
            },
            {
                "when": "minecraft:strong_strength",
                "model": {
                    "type": "minecraft:model",
                    "model": "stylized_potions:item/strength_splash_strong"
                }
            },
            {
                "when": "minecraft:swiftness",
                "model": {
                    "type": "minecraft:model",
                    "model": "stylized_potions:item/swiftness_splash"
                }
            },
            {
                "when": "minecraft:long_swiftness",
                "model": {
                    "type": "minecraft:model",
                    "model": "stylized_potions:item/swiftness_splash_long"
                }
            },
            {
                "when": "minecraft:strong_swiftness",
                "model": {
                    "type": "minecraft:model",
                    "model": "stylized_potions:item/swiftness_splash_strong"
                }
            },
            {
                "when": "minecraft:turtle_master",
                "model": {
                    "type": "minecraft:model",
                    "model": "stylized_potions:item/turtle_master_splash"
                }
            },
            {
                "when": "minecraft:long_turtle_master",
                "model": {
                    "type": "minecraft:model",
                    "model": "stylized_potions:item/turtle_master_splash_long"
                }
            },
            {
                "when": "minecraft:strong_turtle_master",
                "model": {
                    "type": "minecraft:model",
                    "model": "stylized_potions:item/turtle_master_splash_strong"
                }
            },
            {
                "when": "minecraft:water_breathing",
                "model": {
                    "type": "minecraft:model",
                    "model": "stylized_potions:item/water_breathing_splash"
                }
            },
            {
                "when": "minecraft:long_water_breathing",
                "model": {
                    "type": "minecraft:model",
                    "model": "stylized_potions:item/water_breathing_splash_long"
                }
            },
            {
                "when": "minecraft:weakness",
                "model": {
                    "type": "minecraft:model",
                    "model": "stylized_potions:item/weakness_splash"
                }
            },
            {
                "when": "minecraft:long_weakness",
                "model": {
                    "type": "minecraft:model",
                    "model": "stylized_potions:item/weakness_splash_long"
                }
            }
        ],
        "fallback": {
            "type": "minecraft:model",
            "model": "minecraft:item/splash_potion",
            "tints": [
                {
                    "type": "minecraft:potion",
                    "default": -13083194
                }
            ]
        }
    }
}