{
    "name": "Juego temprano",
    "icon": "irons_spellbooks:inscription_table",
    "category": "irons_spellbooks:root",
    "sortnum": -3,
    "read_by_default": false,
    "pages": [
        {
            "type": "patchouli:text",
            "title": "Resumen",
            "text": "La progresión al inicio del juego está dominada por la exploración y el saqueo. El mundo está lleno de botín mágico, especialmente en las nuevas estructuras mágicas que se pueden encontrar dispersas por las tierras. ¡Pero ten cuidado! Cada estructura mágica es el hogar de un mago poderoso, que no te recibirá amablemente."
        },
        {
            "type": "patchouli:spotlight",
            "item": "irons_spellbooks:scroll",
            "title": "Pergaminos",
            "text": "Los pergaminos serán tu primer contacto con la magia. Aunque se pueden consumir para lanzar el hechizo que contienen, es mejor guardarlos hasta que puedas inscribirlos en un libro de hechizos, donde se pueden usar repetidamente, a través de una Mesa de Inscripción >>>"
        },
        {
            "type": "patchouli:text",
            "title": "Mesa de Inscripción",
            "text": "Para usar correctamente un Libro de Hechizos, debes inscribir hechizos en él con la Mesa de Inscripción usando pergaminos. Los pergaminos se pueden recuperar una vez puestos en un Libro de Hechizos, pero desinscribirá el hechizo. Los libros de hechizos para principiantes se pueden fabricar con materiales básicos."
        },
        {
            "type": "patchouli:crafting",
            "recipe": "irons_spellbooks:inscription_table",
            "recipe2": "irons_spellbooks:copper_spell_book"
        },
        {
            "type": "patchouli:spotlight",
            "item": "irons_spellbooks:arcane_essence",
            "title": "Materiales Básicos",
            "text": "Algunos materiales básicos se pueden encontrar incluso escasamente en estructuras vanilla.$(br2)La Esencia Arcana se puede combinar con armadura de cuero para fabricar la armadura de Mago Errante, una fuente temprana de maná máximo adicional."
        },
        {
            "type": "patchouli:entity",
            "name": "Armadura de Mago Errante",
            "entity": "minecraft:armor_stand{ArmorItems:[{id:'irons_spellbooks:wandering_magician_boots',Count:1b},{id:'irons_spellbooks:wandering_magician_leggings',Count:1b},{id:'irons_spellbooks:wandering_magician_chestplate',Count:1b},{id:'irons_spellbooks:wandering_magician_helmet',Count:1b}],NoBasePlate:1b}"
        }
    ]
}