{
    "name": "Tinta",
    "icon": "irons_spellbooks:epic_ink",
    "category": "irons_spellbooks:root",
    "sortnum": 4,
    "read_by_default": true,
    "pages": [
        {
            "type": "patchouli:spotlight",
            "item": "irons_spellbooks:common_ink",
            "text": "La más común de las tintas (de ahí el nombre), la tinta común puede fabricar el nivel más bajo de hechizos. Si el nivel más bajo de un hechizo está por encima de común, no se puede fabricar con tinta común. Lo mismo ocurre con todas las demás tintas."
        },
        {
            "type": "patchouli:spotlight",
            "item": "irons_spellbooks:uncommon_ink",
            "text": "Menos común que la común, puede fabricar hechizos ligeramente más poderosos."
        },
        {
            "type": "patchouli:spotlight",
            "item": "irons_spellbooks:rare_ink",
            "text": "La tinta rara debería poder encontrarse regularmente en cofres del tesoro mágicos o matando mobs lanzadores de hechizos."
        },
        {
            "type": "patchouli:spotlight",
            "item": "irons_spellbooks:epic_ink",
            "text": "El mejor lugar para encontrar tinta épica y todas las demás tintas de alta rareza es en tesoros mágicos o matando mobs lanzadores de hechizos."
        },
        {
            "type": "patchouli:spotlight",
            "item": "irons_spellbooks:legendary_ink",
            "text": "La tinta más rara, fabricará los hechizos más poderosos. Ten en cuenta que algunos hechizos tienen múltiples niveles legendarios, requiriendo el uso del Yunque Arcano para obtenerlos."
        },
        {
            "type": "patchouli:empty",
            "draw_filler": false
        }
    ]
}