{
    "name": "Juego Tardío",
    "icon": "irons_spellbooks:arcane_anvil",
    "category": "irons_spellbooks:root",
    "sortnum": -1,
    "read_by_default": true,
    "pages": [
        {
            "type": "patchouli:text",
            "title": "Yunque Arcano",
            "text": "Se llega al juego tardío obteniendo netherita y grandes cantidades de recursos básicos, y potenciado por el Yunque Arcano.$(br2)El Yunque Arcano es la estación de fabricación más poderosa, utilizada para subir de nivel tus pergaminos, mejorar armaduras y libros de hechizos, e imbuir armas con hechizos."
        },
        {
            "type": "patchouli:crafting",
            "recipe": "irons_spellbooks:arcane_anvil"
        },
        {
            "type": "patchouli:crafting",
            "title": "Más Libros de Hechizos",
            "text": "Aquí se muestran los mejores libros de hechizos fabricables. El libro arruinado se encuentra en las Ciudades Antiguas",
            "recipe": "irons_spellbooks:netherite_spell_book"
        },
        {
            "type": "patchouli:crafting",
            "recipe": "irons_spellbooks:dragonskin_spell_book",
            "text": "La piel de dragón es soltada por el Dragón del Ender"
        },
        {
            "type": "patchouli:crafting",
            "recipe": "irons_spellbooks:cryomancer_helmet",
            "recipe2": "irons_spellbooks:pyromancer_helmet",
            "title": "Armadura de Escuela"
        },
        {
            "type": "patchouli:entity",
            "name": "Ej: Armadura de Criomante",
            "entity": "minecraft:armor_stand{ArmorItems:[{id:'irons_spellbooks:cryomancer_boots',Count:1b},{id:'irons_spellbooks:cryomancer_leggings',Count:1b},{id:'irons_spellbooks:cryomancer_chestplate',Count:1b},{id:'irons_spellbooks:cryomancer_helmet',Count:1b}],NoBasePlate:1b}",
            "text": "La armadura de escuela está hecha de tela arcana y una runa de escuela particular, siguiendo esta plantilla"
        },
        {
            "type": "patchouli:spotlight",
            "item": "irons_spellbooks:upgrade_orb",
            "title": "Mejorando",
            "text": "Las mejoras son la forma final de progresión. Por defecto, cualquier armadura así como los libros de hechizos pueden ser mejorados.$(br2)Los orbes de mejora de un atributo específico se hacen a partir de un orbe de mejora base, y 8 runas del atributo deseado."
        },
        {
            "type": "patchouli:crafting",
            "recipe": "irons_spellbooks:upgrade_orb",
            "recipe2": "irons_spellbooks:fire_upgrade_orb"
        },
        {
            "type": "patchouli:multiblock",
            "name": "Materiales de Fabricación de Mejoras",
            "enable_visualize": false,
            "multiblock": {
                "pattern": [
                    [
                        " D S ",
                        "DA0PF"
                    ]
                ],
                "mapping": {
                    "D": "minecraft:deepslate",
                    "A": "irons_spellbooks:arcane_debris",
                    "P": "irons_spellbooks:armor_pile",
                    "S": "minecraft:soul_sand",
                    "F": "minecraft:soul_fire"
                }
            },
            "text": "Los Escombros Arcanos son un equivalente del Overworld a los Escombros Antiguos, encontrados por debajo de y=-38. Requiere un pico de netherita."
        },
        {
            "type": "patchouli:entity",
            "entity": "irons_spellbooks:citadel_keeper",
            "text": "La Esencia de Ceniza es soltada por los Caballeros Antiguos, que pueden ser despertados rompiendo pilas de armadura en el nether."
        }
    ]
}