{
    "multipart": [
        {
            "apply": {
                "model": "glassential:block/pane/glass_redstone_tinted_pane_post"
            }
        },
        {
            "apply": {
                "model": "glassential:block/pane/glass_redstone_tinted_pane_side"
            },
            "when": {
                "north": "true"
            }
        },
        {
            "apply": {
                "model": "glassential:block/pane/glass_redstone_tinted_pane_side",
                "y": 90
            },
            "when": {
                "east": "true"
            }
        },
        {
            "apply": {
                "model": "glassential:block/pane/glass_redstone_tinted_pane_side_alt"
            },
            "when": {
                "south": "true"
            }
        },
        {
            "apply": {
                "model": "glassential:block/pane/glass_redstone_tinted_pane_side_alt",
                "y": 90
            },
            "when": {
                "west": "true"
            }
        },
        {
            "apply": {
                "model": "glassential:block/pane/glass_redstone_tinted_pane_noside"
            },
            "when": {
                "north": "false"
            }
        },
        {
            "apply": {
                "model": "glassential:block/pane/glass_redstone_tinted_pane_noside_alt"
            },
            "when": {
                "east": "false"
            }
        },
        {
            "apply": {
                "model": "glassential:block/pane/glass_redstone_tinted_pane_noside_alt",
                "y": 90
            },
            "when": {
                "south": "false"
            }
        },
        {
            "apply": {
                "model": "glassential:block/pane/glass_redstone_tinted_pane_noside",
                "y": 270
            },
            "when": {
                "west": "false"
            }
        }
    ]
}