{
    "name": "Escuelas de Magia",
    "icon": "irons_spellbooks:lightning_bottle",
    "category": "irons_spellbooks:root",
    "sortnum": 20,
    "read_by_default": true,
    "pages": [
        {
            "type": "patchouli:text",
            "title": "Resumen",
            "text": "Cada hechizo mágico pertenece a una escuela de magia. Cada escuela encapsula una temática, tanto visual como funcionalmente, y cada una tiene un Foco: un objeto representativo usado como ingrediente de fabricación. Además, cada escuela puede ser potenciada por equipo específico relacionado con la escuela, permitiéndote convertirte en un poderoso maestro de una sola escuela, o combinar y mezclar para ser un experto en todo."
        },
        {
            "type": "patchouli:spotlight",
            "item": "minecraft:blaze_rod",
            "title": "Fuego",
            "text": "La escuela de Fuego, con una Vara de Blaze como su Foco, se centra en el daño y el daño con el tiempo."
        },
        {
            "type": "patchouli:spotlight",
            "item": "irons_spellbooks:frozen_bone",
            "title": "Hielo",
            "text": "La escuela de Hielo, con Huesos Congelados como su Foco, se centra en el daño y el control de masas."
        },
        {
            "type": "patchouli:spotlight",
            "item": "irons_spellbooks:lightning_bottle",
            "title": "Rayo",
            "text": "La escuela de Rayo, con una Botella de Rayo como su Foco, se centra en el daño concentrado."
        },
        {
            "type": "patchouli:spotlight",
            "item": "irons_spellbooks:divine_pearl",
            "title": "Sagrado",
            "text": "La escuela Sagrada, con la Perla Divina como su Foco, se centra en el apoyo, la curación y la mejora de los aliados."
        },
        {
            "type": "patchouli:spotlight",
            "item": "minecraft:ender_pearl",
            "title": "Ender",
            "text": "La escuela de Ender, con una Perla de Ender como su Foco, tiene una temática de todo lo arcano y místico, con hechizos que van desde el daño hasta la utilidad y la movilidad."
        },
        {
            "type": "patchouli:spotlight",
            "item": "irons_spellbooks:blood_vial",
            "title": "Sangre",
            "text": "La escuela de Sangre, con un Vial de Sangre como su Foco, tiene una temática maligna; encontrarás elementos de nigromancia, wither y magia de sangre aquí, con hechizos que se centran en el daño y que mejoran al lanzador."
        },
        {
            "type": "patchouli:spotlight",
            "item": "minecraft:emerald",
            "title": "Evocación",
            "text": "La escuela de Evocación, con una Esmeralda como su Foco, tiene una temática de trucos mágicos y conjuración, cubriendo la gama más amplia de hechizos ofensivos, defensivos y de utilidad."
        },
        {
            "type": "patchouli:spotlight",
            "item": "minecraft:poisonous_potato",
            "title": "Naturaleza",
            "text": "La escuela de Naturaleza, con una Papa Venenosa como su Foco, se centra en aplicar efectos negativos a los enemigos, con elementos de daño para acabar con ellos."
        },
        {
            "type": "patchouli:spotlight",
            "item": "irons_spellbooks:eldritch_manuscript",
            "title": "Eldritch",
            "text": "La escuela Eldritch no es como las demás. Es una forma de magia antigua y poderosa, una que casi ha sido olvidada; no podrás fabricar o lanzar hechizos Eldritch de inmediato. Sin embargo, fragmentos de antiguos manuscritos Eldritch todavía se pueden encontrar dispersos por el mundo, e incluso pueden ser reconstruidos con la ayuda de un fragmento de eco."
        },
        {
            "type": "patchouli:spotlight",
            "item": "minecraft:echo_shard",
            "title": "Eldritch, continuación",
            "text": "Una vez que un manuscrito ha sido restaurado, puede ser consumido para aprender un solo hechizo Eldritch, permitiendo su fabricación y lanzamiento. Después de ser aprendido, el Fragmento de Eco se usa como el foco."
        }
    ]
}