{
  "profiles": {
    "crafters-modpack-profile": {
      "name": "Crafters Modpack",
      "gameDir": ".",
      "lastVersionId": "1.20.1-forge-47.4.10",
      "javaArgs": "-Xmx8G -Xms4G",
      "type": "custom",
      "created": "2024-01-01T00:00:00.000Z",
      "lastUsed": "2024-01-01T00:00:00.000Z",
      "icon": "Crafting_Table"
    }
  },
  "selectedProfile": "crafters-modpack-profile",
  "settings": {
    "crashAssistance": true,
    "enableAdvanced": true,
    "enableAnalytics": false,
    "enableHistorical": false,
    "enableReleases": true,
    "enableSnapshots": false,
    "keepLauncherOpen": true,
    "profileSorting": "byName",
    "showGameLog": true,
    "showMenu": true,
    "soundOn": true
  },
  "version": 3
}