{
  "parent": "block/block",
  "render_type": "cutout_mipped",
  "textures": {
    "particle": "glassential:block/clear_fluid_glass",
    "tex": "glassential:block/clear_fluid_glass"
  },
  "elements": [
    {
      "from": [
        0,
        0,
        0
      ],
      "to": [
        16,
        16,
        16
      ],
      "faces": {
        "down": {
          "uv": [
            0,
            0,
            16,
            16
          ],
          "texture": "#tex",
          "cullface": "down",
          "tintindex": 0
        },
        "up": {
          "uv": [
            0,
            0,
            16,
            16
          ],
          "texture": "#tex",
          "cullface": "up",
          "tintindex": 0
        },
        "north": {
          "uv": [
            0,
            0,
            16,
            16
          ],
          "texture": "#tex",
          "cullface": "north",
          "tintindex": 0
        },
        "south": {
          "uv": [
            0,
            0,
            16,
            16
          ],
          "texture": "#tex",
          "cullface": "south",
          "tintindex": 0
        },
        "west": {
          "uv": [
            0,
            0,
            16,
            16
          ],
          "texture": "#tex",
          "cullface": "west",
          "tintindex": 0
        },
        "east": {
          "uv": [
            0,
            0,
            16,
            16
          ],
          "texture": "#tex",
          "cullface": "east",
          "tintindex": 0
        }
      }
    }
  ]
}
