{
    "name": "Implementos de Lanzamiento",
    "icon": "irons_spellbooks:graybeard_staff",
    "category": "irons_spellbooks:root",
    "sortnum": 3,
    "read_by_default": true,
    "pages": [
        {
            "type": "patchouli:text",
            "title": "Implementos de Lanzamiento",
            "text": "Los Implementos de Lanzamiento son objetos a los que se puede hacer clic derecho (usar) para lanzar tu hechizo activo. A menudo, también proporcionan beneficios pasivos, permitiendo un estilo de juego de mago dedicado."
        },
        {
            "type": "patchouli:crafting",
            "recipe": "irons_spellbooks:graybeard_staff",
            "text": "Un simple palo es todo lo que se necesita para empezar."
        },
        {
            "type": "patchouli:crafting",
            "recipe": "irons_spellbooks:artificer_cane",
            "text": "A veces, un estilo adicional es todo lo que se necesita para llevar tu lanzamiento al siguiente nivel."
        },
        {
            "type": "patchouli:crafting",
            "recipe": "irons_spellbooks:ice_staff",
            "text": "Se rumorea que piezas de un bastón místico escarchado yacen por el Overworld. El Criomante puede tener investigaciones guardadas en su torre que revelen más."
        },
        {
            "type": "patchouli:spotlight",
            "item": "irons_spellbooks:blood_staff",
            "text": "Un cetro antiguo con habilidades de invocación inigualables, solo se puede adquirir tomándolo de su dueño no-muerto."
        }
    ]
}