{
    "name": "Libros de Hechizos Básicos",
    "icon": "irons_spellbooks:iron_spell_book",
    "category": "irons_spellbooks:root",
    "sortnum": 1,
    "read_by_default": true,
    "pages": [
        {
            "type": "patchouli:text",
            "title": "Libros de Hechizos Fabricables",
            "text": "Muchos libros de hechizos se pueden fabricar a partir de una combinación de materiales vainilla y arcanos. Cada nivel adicional fabricado aumenta el número de ranuras del libro de hechizos y a menudo viene con bonificaciones extra, aumentando el poder y la cantidad de hechizos que puede contener."
        },
        {
            "type": "patchouli:crafting",
            "recipe": "irons_spellbooks:copper_spell_book",
            "recipe2": "irons_spellbooks:iron_spell_book"
        },
        {
            "type": "patchouli:crafting",
            "recipe": "irons_spellbooks:gold_spell_book",
            "recipe2": "irons_spellbooks:diamond_spell_book"
        },
        {
            "type": "patchouli:crafting",
            "recipe": "irons_spellbooks:netherite_spell_book",
            "recipe2": "irons_spellbooks:dragonskin_spell_book"
        },
        {
            "type": "patchouli:text",
            "title": "Libros de Hechizos con Nombre",
            "text": "Los libros de hechizos con nombre se pueden encontrar escondidos en muchos rincones del mundo, a menudo ofreciendo bonificaciones a los aventureros afortunados que buscan en los lugares correctos."
        },
        {
            "type": "patchouli:spotlight",
            "item": "irons_spellbooks:rotten_spell_book",
            "text": "Lo que una vez pudo haber sido un libro más poderoso, se ha podrido desde entonces, dejando solo tres páginas. Sin embargo, sigue siendo más poderoso que la mayoría de los libros de hechizos del Overworld. Se pueden saquear de lugares igualmente podridos por todo el Overworld."
        },
        {
            "type": "patchouli:spotlight",
            "item": "irons_spellbooks:villager_spell_book",
            "text": "Un libro normal con una pequeña bendición es un canal adecuado para la magia divina. Construir una reputación con los aldeanos, especialmente liberando a los cautivos del Archevoker, asegurará que uno caiga en tus manos eventualmente."
        },
        {
            "type": "patchouli:spotlight",
            "item": "irons_spellbooks:blaze_spell_book",
            "text": "Cada Blaze, sin que ellos lo sepan, viene con uno de estos escondido. El truco es matarlos y esperar que no se convierta en ceniza."
        },
        {
            "type": "patchouli:crafting",
            "recipe": "irons_spellbooks:druidic_spell_book",
            "text": "Una fuerte energía mágica aún persiste dentro del Libro de Hechizos Podrido. El libro puede ser bendecido de nuevo si se aplica un remedio adecuado."
        }
    ]
}