{
    "name": "Pergaminos",
    "icon": "irons_spellbooks:scroll",
    "category": "irons_spellbooks:root",
    "sortnum": 0,
    "read_by_default": true,
    "pages": [
        {
            "type": "patchouli:spotlight",
            "title": "Pergaminos",
            "item": "irons_spellbooks:scroll",
            "text": "Los pergaminos se pueden encontrar en cofres, ser soltados por mobs o fabricados. Cada Pergamino contiene un hechizo con un nivel, similar a un libro encantado. Los pergaminos se pueden mejorar en el Yunque Arcano combinándolos con la rareza de tinta correspondiente de su siguiente nivel."
        },
        {
            "type": "patchouli:text",
            "text": "Los pergaminos se pueden usar por sí mismos para lanzar su hechizo, eludiendo los costos de maná y el tiempo de reutilización, pero consumiendo el pergamino en el proceso. Principalmente, se inscriben en libros de hechizos para su uso continuo, o se reciclan a través del Caldero de Alquimista para convertirlos en hechizos más útiles."
        }
    ]
}