{
    "name": "Libros de Hechizos Únicos",
    "icon": "irons_spellbooks:evoker_spell_book",
    "category": "irons_spellbooks:root",
    "sortnum": 2,
    "read_by_default": true,
    "pages": [
        {
            "type": "patchouli:text",
            "title": "Libros de Hechizos Únicos",
            "text": "Los libros de hechizos únicos son botines raros de ciertos mobs que vienen con hechizos inscritos, que no se pueden eliminar ni editar. No todos los libros de hechizos se pueden fabricar -- se llama el arte arcano, después de todo."
        },
        {
            "type": "patchouli:spotlight",
            "title": "Mejoras Únicas",
            "item": "irons_spellbooks:arcane_anvil",
            "text": "Los hechizos en un libro de hechizos único están bloqueados, pero pueden ser mejorados. Combinando un libro de hechizos único en el Yunque Arcano con un pergamino de mayor nivel del mismo hechizo del libro, puedes subir el nivel del hechizo bloqueado."
        },
        {
            "type": "patchouli:spotlight",
            "item": "irons_spellbooks:evoker_spell_book",
            "text": "Un libro lleno de magia fundamental de los illagers, el Grimorio de Evocación puede ser soltado por Evocadores o su primo lanzador más poderoso, los Archevocadores."
        },
        {
            "type": "patchouli:spotlight",
            "item": "irons_spellbooks:necronomicon_spell_book",
            "text": "Un libro antiguo que contiene una multitud de hechizos oscuros, solo se puede adquirir tomándolo de su dueño no-muerto."
        }
    ]
}